Workbook

Sheet Metrics
A1: service | B1: endpoint | C1: mean_ms | D1: median_ms | E1: p95_ms | F1: request_count | G1: error_rate
A2: payments | B2: /checkout | C2: 404.17 | D2: 370 | E2: 724 | F2: 5501 | G2: 8
A3: payments | B3: /refund | C3: 344.03 | D3: 314 | E3: 619.9 | F3: 1432 | G3: 10
A4: auth | B4: /reset-password | C4: 271.04 | D4: 247 | E4: 472.8 | F4: 2085 | G4: 11
A5: payments | B5: /verify | C5: 243.55 | D5: 225 | E5: 435.95 | F5: 2182 | G5: 6
A6: auth | B6: /register | C6: 202.65 | D6: 186 | E6: 364 | F6: 6421 | G6: 7
A7: payments | B7: /history | C7: 200.59 | D7: 184 | E7: 359 | F7: 4861 | G7: 3
A8: events | B8: /create | C8: 161.61 | D8: 148 | E8: 293 | F8: 7142 | G8: 6
A9: events | B9: /list | C9: 134.99 | D9: 124 | E9: 239 | F9: 14258 | G9: 3
A10: events | B10: /update | C10: 120.85 | D10: 111 | E10: 216 | F10: 4306 | G10: 4
A11: auth | B11: /login | C11: 107.25 | D11: 99 | E11: 191 | F11: 25665 | G11: 4
A12: events | B12: /delete | C12: 93.12 | D12: 86 | E12: 164 | F12: 2817 | G12: 3
A13: auth | B13: /logout | C13: 40.31 | D13: 37 | E13: 72 | F13: 8467 | G13: 2

Sheet ServiceLookup
A1: service | B1: owner | C1: priority_tier | D1: sla_target_ms | E1: team | F1: cost_center
A2: auth | B2: Alice Chen | C2: High | D2: 100 | E2: Identity | F2: CC-1001
A3: events | B3: Bob Martinez | C3: Medium | D3: 150 | E3: Platform | F3: CC-1002
A4: payments | B4: Carol Williams | C4: Critical | D4: 250 | E4: Payments | F4: CC-1003

Sheet BusinessReview
A1: service | B1: endpoint | C1: mean_ms | D1: median_ms | E1: p95_ms | F1: request_count | G1: error_rate | H1: Owner | I1: Priority | J1: SLA Target (ms) | K1: SLA Status | L1: Action Required
A2: payments | B2: /checkout | C2: 404.17 | D2: 370 | E2: 724 | F2: 5501 | G2: 8 | H2: =IFERROR(VLOOKUP(A2,ServiceLookup!$A$2:$F$10,2,FALSE),"Unknown") -> 0 | I2: =IFERROR(VLOOKUP(A2,ServiceLookup!$A$2:$F$10,3,FALSE),"N/A") -> 0 | J2: =IFERROR(VLOOKUP(A2,ServiceLookup!$A$2:$F$10,4,FALSE),999) -> 0 | K2: =IF(C2>J2,"SLA BREACH",IF(C2>J2*0.8,"WARNING","OK")) -> 0 | L2: =IF(C2>J2,"Immediate Review",IF(C2>J2*0.8,"Monitor Closely","No Action")) -> 0
A3: payments | B3: /refund | C3: 344.03 | D3: 314 | E3: 619.9 | F3: 1432 | G3: 10 | H3: =IFERROR(VLOOKUP(A3,ServiceLookup!$A$2:$F$10,2,FALSE),"Unknown") -> 0 | I3: =IFERROR(VLOOKUP(A3,ServiceLookup!$A$2:$F$10,3,FALSE),"N/A") -> 0 | J3: =IFERROR(VLOOKUP(A3,ServiceLookup!$A$2:$F$10,4,FALSE),999) -> 0 | K3: =IF(C3>J3,"SLA BREACH",IF(C3>J3*0.8,"WARNING","OK")) -> 0 | L3: =IF(C3>J3,"Immediate Review",IF(C3>J3*0.8,"Monitor Closely","No Action")) -> 0
A4: auth | B4: /reset-password | C4: 271.04 | D4: 247 | E4: 472.8 | F4: 2085 | G4: 11 | H4: =IFERROR(VLOOKUP(A4,ServiceLookup!$A$2:$F$10,2,FALSE),"Unknown") -> 0 | I4: =IFERROR(VLOOKUP(A4,ServiceLookup!$A$2:$F$10,3,FALSE),"N/A") -> 0 | J4: =IFERROR(VLOOKUP(A4,ServiceLookup!$A$2:$F$10,4,FALSE),999) -> 0 | K4: =IF(C4>J4,"SLA BREACH",IF(C4>J4*0.8,"WARNING","OK")) -> 0 | L4: =IF(C4>J4,"Immediate Review",IF(C4>J4*0.8,"Monitor Closely","No Action")) -> 0
A5: payments | B5: /verify | C5: 243.55 | D5: 225 | E5: 435.95 | F5: 2182 | G5: 6 | H5: =IFERROR(VLOOKUP(A5,ServiceLookup!$A$2:$F$10,2,FALSE),"Unknown") -> 0 | I5: =IFERROR(VLOOKUP(A5,ServiceLookup!$A$2:$F$10,3,FALSE),"N/A") -> 0 | J5: =IFERROR(VLOOKUP(A5,ServiceLookup!$A$2:$F$10,4,FALSE),999) -> 0 | K5: =IF(C5>J5,"SLA BREACH",IF(C5>J5*0.8,"WARNING","OK")) -> 0 | L5: =IF(C5>J5,"Immediate Review",IF(C5>J5*0.8,"Monitor Closely","No Action")) -> 0
A6: auth | B6: /register | C6: 202.65 | D6: 186 | E6: 364 | F6: 6421 | G6: 7 | H6: =IFERROR(VLOOKUP(A6,ServiceLookup!$A$2:$F$10,2,FALSE),"Unknown") -> 0 | I6: =IFERROR(VLOOKUP(A6,ServiceLookup!$A$2:$F$10,3,FALSE),"N/A") -> 0 | J6: =IFERROR(VLOOKUP(A6,ServiceLookup!$A$2:$F$10,4,FALSE),999) -> 0 | K6: =IF(C6>J6,"SLA BREACH",IF(C6>J6*0.8,"WARNING","OK")) -> 0 | L6: =IF(C6>J6,"Immediate Review",IF(C6>J6*0.8,"Monitor Closely","No Action")) -> 0
A7: payments | B7: /history | C7: 200.59 | D7: 184 | E7: 359 | F7: 4861 | G7: 3 | H7: =IFERROR(VLOOKUP(A7,ServiceLookup!$A$2:$F$10,2,FALSE),"Unknown") -> 0 | I7: =IFERROR(VLOOKUP(A7,ServiceLookup!$A$2:$F$10,3,FALSE),"N/A") -> 0 | J7: =IFERROR(VLOOKUP(A7,ServiceLookup!$A$2:$F$10,4,FALSE),999) -> 0 | K7: =IF(C7>J7,"SLA BREACH",IF(C7>J7*0.8,"WARNING","OK")) -> 0 | L7: =IF(C7>J7,"Immediate Review",IF(C7>J7*0.8,"Monitor Closely","No Action")) -> 0
A8: events | B8: /create | C8: 161.61 | D8: 148 | E8: 293 | F8: 7142 | G8: 6 | H8: =IFERROR(VLOOKUP(A8,ServiceLookup!$A$2:$F$10,2,FALSE),"Unknown") -> 0 | I8: =IFERROR(VLOOKUP(A8,ServiceLookup!$A$2:$F$10,3,FALSE),"N/A") -> 0 | J8: =IFERROR(VLOOKUP(A8,ServiceLookup!$A$2:$F$10,4,FALSE),999) -> 0 | K8: =IF(C8>J8,"SLA BREACH",IF(C8>J8*0.8,"WARNING","OK")) -> 0 | L8: =IF(C8>J8,"Immediate Review",IF(C8>J8*0.8,"Monitor Closely","No Action")) -> 0
A9: events | B9: /list | C9: 134.99 | D9: 124 | E9: 239 | F9: 14258 | G9: 3 | H9: =IFERROR(VLOOKUP(A9,ServiceLookup!$A$2:$F$10,2,FALSE),"Unknown") -> 0 | I9: =IFERROR(VLOOKUP(A9,ServiceLookup!$A$2:$F$10,3,FALSE),"N/A") -> 0 | J9: =IFERROR(VLOOKUP(A9,ServiceLookup!$A$2:$F$10,4,FALSE),999) -> 0 | K9: =IF(C9>J9,"SLA BREACH",IF(C9>J9*0.8,"WARNING","OK")) -> 0 | L9: =IF(C9>J9,"Immediate Review",IF(C9>J9*0.8,"Monitor Closely","No Action")) -> 0
A10: events | B10: /update | C10: 120.85 | D10: 111 | E10: 216 | F10: 4306 | G10: 4 | H10: =IFERROR(VLOOKUP(A10,ServiceLookup!$A$2:$F$10,2,FALSE),"Unknown") -> 0 | I10: =IFERROR(VLOOKUP(A10,ServiceLookup!$A$2:$F$10,3,FALSE),"N/A") -> 0 | J10: =IFERROR(VLOOKUP(A10,ServiceLookup!$A$2:$F$10,4,FALSE),999) -> 0 | K10: =IF(C10>J10,"SLA BREACH",IF(C10>J10*0.8,"WARNING","OK")) -> 0 | L10: =IF(C10>J10,"Immediate Review",IF(C10>J10*0.8,"Monitor Closely","No Action")) -> 0
A11: auth | B11: /login | C11: 107.25 | D11: 99 | E11: 191 | F11: 25665 | G11: 4 | H11: =IFERROR(VLOOKUP(A11,ServiceLookup!$A$2:$F$10,2,FALSE),"Unknown") -> 0 | I11: =IFERROR(VLOOKUP(A11,ServiceLookup!$A$2:$F$10,3,FALSE),"N/A") -> 0 | J11: =IFERROR(VLOOKUP(A11,ServiceLookup!$A$2:$F$10,4,FALSE),999) -> 0 | K11: =IF(C11>J11,"SLA BREACH",IF(C11>J11*0.8,"WARNING","OK")) -> 0 | L11: =IF(C11>J11,"Immediate Review",IF(C11>J11*0.8,"Monitor Closely","No Action")) -> 0
A12: events | B12: /delete | C12: 93.12 | D12: 86 | E12: 164 | F12: 2817 | G12: 3 | H12: =IFERROR(VLOOKUP(A12,ServiceLookup!$A$2:$F$10,2,FALSE),"Unknown") -> 0 | I12: =IFERROR(VLOOKUP(A12,ServiceLookup!$A$2:$F$10,3,FALSE),"N/A") -> 0 | J12: =IFERROR(VLOOKUP(A12,ServiceLookup!$A$2:$F$10,4,FALSE),999) -> 0 | K12: =IF(C12>J12,"SLA BREACH",IF(C12>J12*0.8,"WARNING","OK")) -> 0 | L12: =IF(C12>J12,"Immediate Review",IF(C12>J12*0.8,"Monitor Closely","No Action")) -> 0
A13: auth | B13: /logout | C13: 40.31 | D13: 37 | E13: 72 | F13: 8467 | G13: 2 | H13: =IFERROR(VLOOKUP(A13,ServiceLookup!$A$2:$F$10,2,FALSE),"Unknown") -> 0 | I13: =IFERROR(VLOOKUP(A13,ServiceLookup!$A$2:$F$10,3,FALSE),"N/A") -> 0 | J13: =IFERROR(VLOOKUP(A13,ServiceLookup!$A$2:$F$10,4,FALSE),999) -> 0 | K13: =IF(C13>J13,"SLA BREACH",IF(C13>J13*0.8,"WARNING","OK")) -> 0 | L13: =IF(C13>J13,"Immediate Review",IF(C13>J13*0.8,"Monitor Closely","No Action")) -> 0

Sheet Summary
A1: OPERATIONAL SYSTEM ANALYTICS - EXECUTIVE SUMMARY
A3: Total Endpoints Analyzed | B3: 12
A4: Services Covered | B4: 3
A5: Report Generated | B5: 2026-02-04 00:17
A8: Note: BusinessReview sheet contains live formulas (VLOOKUP, IF) that update automatically when source data changes.
